first_name,last_name,name,company_url,company,email_score,email_guess
Ben,Bidner,Ben Bidner,ben.bidner@automattic.com,N/A,96.0,ben.bidner@automattic.com
Paul,Maiorana,Paul Maiorana,paul@automattic.com,N/A,96.0,paul@automattic.com
Azat,Aslanyan,Azat Aslanyan,aaslanyan@axs.com,N/A,48.0,a@axs.com
Mike,Rojas,Mike Rojas,N/A,N/A,64.0,mike.rojas@
Tom,Harbert,Tom Harbert,tom@campaignmonitor.com,N/A,96.0,tom.harbert@campaignmonitor.com
